{
  "images" : [
    {
      "idiom" : "iphone",
      "filename" : "FraxCrossSplash568.jpg",
      "scale" : "1x"
    },
    {
      "idiom" : "iphone",
      "filename" : "FraxCrossSplash1334.jpg",
      "scale" : "2x"
    },
    {
      "idiom" : "iphone",
      "filename" : "FraxCrossSplash1920.jpg",
      "scale" : "3x"
    },
    {
      "idiom" : "ipad",
      "filename" : "FraxHDCrossSplash1024.jpg",
      "scale" : "1x"
    },
    {
      "idiom" : "ipad",
      "filename" : "FraxHDCrossSplash2732.jpg",
      "scale" : "2x"
    }
  ],
  "info" : {
    "version" : 1,
    "author" : "xcode"
  },
  "properties" : {
    "template-rendering-intent" : "original"
  }
}
